"iso3","year","lights"
"AZE",2014,285999.145810418
"AZE",2015,279607.863414561
"AZE",2016,259433.42832619
"AZE",2017,277690.694224358
"AZE",2018,268125.111466184
"AZE",2019,289761.429490253
"AZE",2020,282370.473188221
"AZE",2021,301614.85077551
"DEU",2014,2872921.91748025
"DEU",2015,2926853.78118766
"DEU",2016,2889228.76230095
"DEU",2017,3127604.2938692
"DEU",2018,3349677.59200755
"DEU",2019,3194994.17394504
"DEU",2020,3341318.79202586
"DEU",2021,3621196.10418624
"GEO",2014,131385.347360924
"GEO",2015,126802.176182199
"GEO",2016,131724.964804778
"GEO",2017,149034.192044005
"GEO",2018,145928.806254134
"GEO",2019,159873.900597781
"GEO",2020,175099.445076883
"GEO",2021,191818.045529515
"MYS",2014,1107725.54499553
"MYS",2015,1122972.46587244
"MYS",2016,1209811.08497889
"MYS",2017,1297823.4113285
"MYS",2018,1405671.42342963
"MYS",2019,1398143.93259254
"MYS",2020,1432333.1149621
"MYS",2021,1452886.56981685
"TKM",2014,900564.732982241
"TKM",2015,814764.476345364
"TKM",2016,790292.354513776
"TKM",2017,880098.346012801
"TKM",2018,815324.724731013
"TKM",2019,762231.315635011
"TKM",2020,831365.343744218
"TKM",2021,702587.09854877
"UZB",2014,662797.081663743
"UZB",2015,570449.990710786
"UZB",2016,554196.528743107
"UZB",2017,589630.194776624
"UZB",2018,551171.093438923
"UZB",2019,596918.353228629
"UZB",2020,632153.695565656
"UZB",2021,748473.472143535
